Comuna,cod_com,Apruebo,Rechazo,Blancos,Nulos,Total general,P_Apruebo,P_Rechazo,Total Mesas,Total Electores,Total Votación,Part_2020,part_2017,DIF
IQUIQUE,1101,60976,18855,114,275,80220,"0,760109698","0,235041137",598,167867,80220,"0,48","0,41","0,07"
ALTO HOSPICIO,1107,21373,4608,46,102,26129,"0,817980022","0,176355773",171,57742,26129,"0,45","0,34","0,11"
POZO ALMONTE,1401,3730,1076,8,29,4843,"0,77018377","0,222176337",37,11866,4843,"0,41","0,37","0,04"
CAMIÑA,1402,293,207,2,11,513,"0,571150097","0,403508772",7,2549,513,"0,20","0,29","-0,08"
COLCHANE,1403,131,374,3,16,524,"0,25","0,713740458",7,2995,524,"0,18","0,27","-0,09"
HUARA,1404,1136,379,6,8,1529,"0,742969261","0,247874428",28,9041,1529,"0,17","0,17","0,00"
PICA,1405,1769,646,4,16,2435,"0,726488706","0,265297741",17,5460,2435,"0,45","0,47","-0,02"
ANTOFAGASTA,2101,119982,23532,129,430,144073,"0,832786157","0,163333865",827,284389,144073,"0,51","0,42","0,09"
MEJILLONES,2102,4572,533,7,16,5128,"0,891575663","0,103939158",30,9825,5128,"0,52","0,41","0,11"
SIERRA GORDA,2103,749,104,0,3,856,"0,875","0,121495327",9,3166,856,"0,27","0,17","0,10"
TALTAL,2104,4072,565,9,19,4665,"0,872883173","0,121114684",31,10408,4665,"0,45","0,39","0,06"
CALAMA,2201,52113,10259,93,361,62826,"0,829481425","0,163292268",382,132447,62826,"0,47","0,41","0,06"
OLLAGUE,2202,317,61,0,1,379,"0,836411609","0,160949868",5,1788,379,"0,21","0,14","0,08"
SAN PEDRO DE ATACAMA,2203,2911,398,12,16,3337,"0,872340426","0,119268804",20,6928,3337,"0,48","0,42","0,07"
TOCOPILLA,2301,9210,1023,17,37,10287,"0,895304754","0,099445903",69,22316,10287,"0,46","0,37","0,09"
MARIA ELENA,2302,1938,187,5,8,2138,"0,90645463","0,08746492",17,6451,2138,"0,33","0,25","0,08"
COPIAPO,3101,51042,9635,64,230,60971,"0,837152089","0,158025947",414,123347,60971,"0,49","0,45","0,05"
CALDERA,3102,6812,1125,12,74,8023,"0,849058956","0,140221862",43,14652,8023,"0,55","0,46","0,09"
TIERRA AMARILLA,3103,5084,660,15,26,5785,"0,878824546","0,114088159",42,12762,5785,"0,45","0,44","0,01"
CHAÑARAL,3201,5185,544,16,19,5764,"0,899548924","0,094378904",38,11989,5764,"0,48","0,41","0,07"
DIEGO DE ALMAGRO,3202,4886,499,8,17,5410,"0,903142329","0,092236599",41,13455,5410,"0,40","0,34","0,06"
VALLENAR,3301,18485,2463,37,90,21075,"0,877105575","0,116868327",133,45465,21075,"0,46","0,45","0,02"
ALTO DEL CARMEN,3302,1559,241,8,9,1817,"0,858007705","0,132636214",15,4871,1817,"0,37","0,40","-0,03"
FREIRINA,3303,2465,221,1,14,2701,"0,912624954","0,081821548",18,5899,2701,"0,46","0,47","-0,02"
HUASCO,3304,3808,404,6,18,4236,"0,898961284","0,095372993",25,8326,4236,"0,51","0,46","0,05"
LA SERENA,4101,73254,16536,106,237,90133,"0,812732296","0,183462217",502,172217,90133,"0,52","0,49","0,03"
COQUIMBO,4102,68738,12572,102,279,81691,"0,841439081","0,153897002",483,165547,81691,"0,49","0,45","0,04"
ANDACOLLO,4103,5450,582,13,26,6071,"0,897710427","0,095865591",35,11221,6071,"0,54","0,50","0,04"
LA HIGUERA,4104,1345,206,4,9,1564,"0,859974425","0,131713555",14,4286,1564,"0,37","0,45","-0,09"
PAIHUANO,4105,1958,442,6,8,2414,"0,811101906","0,183098592",15,5122,2414,"0,47","0,48","-0,01"
VICUÑA,4106,9483,1308,21,45,10857,"0,873445703","0,120475269",67,23097,10857,"0,47","0,48","-0,01"
ILLAPEL,4201,11166,1382,29,56,12633,"0,883875564","0,109396026",81,27634,12633,"0,46","0,45","0,01"
CANELA,4202,3320,433,12,16,3781,"0,878074583","0,114519968",27,8913,3781,"0,42","0,51","-0,09"
LOS VILOS,4203,7679,1153,19,24,8875,"0,865239437","0,129915493",54,18062,8875,"0,49","0,46","0,03"
SALAMANCA,4204,8984,1470,16,53,10523,"0,853748931","0,139694004",68,23171,10523,"0,45","0,45","0,00"
OVALLE,4301,34181,5898,89,170,40338,"0,847364768","0,146214488",268,91515,40338,"0,44","0,44","0,00"
COMBARBALA,4302,4428,614,15,17,5074,"0,872684273","0,121009066",39,12460,5074,"0,41","0,45","-0,04"
MONTE PATRIA,4303,9845,1275,23,56,11199,"0,879096348","0,113849451",95,27916,11199,"0,40","0,42","-0,01"
PUNITAQUI,4304,3627,505,16,27,4175,"0,868742515","0,120958084",31,10557,4175,"0,40","0,46","-0,06"
RIO HURTADO,4305,1353,266,10,9,1638,"0,826007326","0,162393162",15,4690,1638,"0,35","0,43","-0,08"
VALPARAISO,5101,122078,25405,199,490,148172,"0,823893853","0,171456146",884,290851,148172,"0,51","0,42","0,09"
CASABLANCA,5102,9148,2292,16,52,11508,"0,794925269","0,199165798",64,22139,11508,"0,52","0,51","0,01"
CONCON,5103,15705,8573,32,74,24384,"0,644069882","0,351583005",111,38162,24384,"0,64","0,60","0,04"
JUAN FERNANDEZ,5104,377,62,0,0,439,"0,858769932","0,141230068",3,917,439,"0,48","0,37","0,11"
PUCHUNCAVI,5105,7243,1372,24,19,8658,"0,836567337","0,158466158",42,15245,8658,"0,57","0,52","0,05"
QUINTERO,5107,10452,2400,21,70,12943,"0,807540756","0,185428417",71,24237,12943,"0,53","0,49","0,04"
VIÑA DEL MAR,5109,116872,43313,396,492,161073,"0,725584052","0,26890292",936,301101,161073,"0,54","0,48","0,06"
ISLA DE PASCUA,5201,2292,416,7,11,2726,"0,84079237","0,152604549",18,6053,2726,"0,45","0,33","0,12"
LOS ANDES,5301,25366,5773,37,100,31276,"0,811037217","0,184582427",163,56032,31276,"0,56","0,51","0,05"
CALLE LARGA,5302,5607,955,10,37,6609,"0,848388561","0,144499924",33,11265,6609,"0,59","0,53","0,06"
RINCONADA,5303,4365,1036,15,18,5434,"0,803275672","0,190651454",27,9195,5434,"0,59","0,56","0,04"
SAN ESTEBAN,5304,7115,1462,15,46,8638,"0,823686038","0,169252142",45,14902,8638,"0,58","0,56","0,02"
LA LIGUA,5401,13580,2340,24,57,16001,"0,848696956","0,14624086",91,30147,16001,"0,53","0,53","0,00"
CABILDO,5402,7948,1100,16,35,9099,"0,873502583","0,120892406",53,18037,9099,"0,51","0,48","0,03"
PAPUDO,5403,2779,701,5,13,3498,"0,794453974","0,200400229",18,5643,3498,"0,62","0,60","0,02"
PETORCA,5404,4146,458,15,20,4639,"0,893727096","0,098728174",28,9320,4639,"0,50","0,48","0,01"
ZAPALLAR,5405,3250,1643,3,13,4909,"0,662049297","0,334691383",24,7930,4909,"0,62","0,63","-0,01"
QUILLOTA,5501,30871,7933,47,142,38993,"0,791706204","0,203446772",219,75056,38993,"0,52","0,48","0,04"
CALERA,5502,20625,3451,45,94,24215,"0,851744786","0,14251497",131,44986,24215,"0,54","0,48","0,06"
HIJUELAS,5503,6338,1266,16,28,7648,"0,828713389","0,165533473",45,15422,7648,"0,50","0,50","0,00"
LA CRUZ,5504,6989,1988,7,22,9006,"0,776038197","0,220741728",46,15760,9006,"0,57","0,56","0,01"
NOGALES,5506,9519,1221,25,46,10811,"0,880492091","0,112940524",65,19641,10811,"0,55","0,49","0,06"
SAN ANTONIO,5601,38979,4939,34,100,44052,"0,884840643","0,112117498",229,78551,44052,"0,56","0,50","0,06"
ALGARROBO,5602,4932,2118,13,23,7086,"0,696020322","0,298899238",38,12896,7086,"0,55","0,57","-0,02"
CARTAGENA,5603,7346,1700,11,18,9075,"0,809476584","0,187327824",55,17721,9075,"0,51","0,52","-0,01"
EL QUISCO,5604,5643,1550,13,35,7241,"0,77931225","0,214058832",38,12914,7241,"0,56","0,57","-0,01"
EL TABO,5605,4675,1142,6,19,5842,"0,800239644","0,195481",34,10307,5842,"0,57","0,58","-0,01"
SANTO DOMINGO,5606,4003,2583,15,22,6623,"0,604408878","0,39000453",35,10898,6623,"0,61","0,65","-0,05"
SAN FELIPE,5701,27101,6123,45,127,33396,"0,811504372","0,183345311",177,60048,33396,"0,56","0,50","0,06"
CATEMU,5702,9148,2292,16,52,11508,"0,794925269","0,199165798",35,12039,5965,"0,50","0,50","-0,01"
LLAY-LLAY,5703,10284,1275,15,51,11625,"0,884645161","0,109677419",61,20722,11625,"0,56","0,40","0,16"
PANQUEHUE,5704,2858,718,3,12,3591,"0,795878585","0,199944305",19,6371,3591,"0,56","0,53","0,03"
PUTAENDO,5705,6222,968,24,32,7246,"0,858680651","0,133590947",41,13859,7246,"0,52","0,48","0,04"
SANTA MARIA,5706,5346,1085,8,28,6467,"0,82665842","0,167774857",35,11930,6467,"0,54","0,54","0,00"
QUILPUE,5801,57468,16247,72,270,74057,"0,775996867","0,219385068",389,133318,74057,"0,56","0,50","0,06"
LIMACHE,5802,15572,4531,41,77,20221,"0,7700905","0,224073982",112,38584,20221,"0,52","0,49","0,03"
OLMUE,5803,5856,1972,11,39,7878,"0,743335872","0,250317339",47,16111,7878,"0,49","0,52","-0,03"
VILLA ALEMANA,5804,41109,12054,56,162,53381,"0,770105468","0,225810682",282,96896,53381,"0,55","0,50","0,05"
RANCAGUA,6101,87526,19154,275,325,107280,"0,815865026","0,178542133",569,194541,107280,"0,55","0,50","0,05"
CODEGUA,6102,5034,871,6,21,5932,"0,848617667","0,146830748",33,11297,5932,"0,53","0,51","0,01"
COINCO,6103,2616,701,7,22,3346,"0,78182905","0,209503885",21,7011,3346,"0,48","0,52","-0,04"
COLTAUCO,6104,6177,1340,16,34,7567,"0,816307652","0,17708471",46,15903,7567,"0,48","0,48","0,00"
DOÑIHUE,6105,7987,1393,14,29,9423,"0,847606919","0,147829778",56,18060,9423,"0,52","0,51","0,01"
GRANEROS,6106,12968,2230,32,62,15292,"0,848025111","0,145827884",78,26614,15292,"0,58","0,53","0,05"
LAS CABRAS,6107,7187,1426,19,36,8668,"0,829141671","0,164513152",59,19945,8668,"0,44","0,49","-0,06"
MACHALI,6108,16398,4461,35,43,20937,"0,783206763","0,213067775",104,35712,20937,"0,59","0,56","0,03"
MALLOA,6109,4246,1149,13,27,5435,"0,781232751","0,211407544",41,12101,5435,"0,45","0,55","-0,10"
MOSTAZAL,6110,9673,1712,21,32,11438,"0,845689806","0,149676517",62,20649,11438,"0,55","0,52","0,03"
OLIVAR,6111,5121,1336,11,17,6485,"0,789668466","0,206013878",40,12305,6485,"0,53","0,55","-0,02"
PEUMO,6112,5355,843,14,18,6230,"0,859550562","0,135313002",39,12719,6230,"0,49","0,52","-0,03"
PICHIDEGUA,6113,5350,1080,19,22,6471,"0,826765569","0,16689847",48,16499,6471,"0,39","0,50","-0,11"
QUINTA DE TILCOCO,6114,5504,929,10,17,6460,"0,852012384","0,14380805",36,12324,6460,"0,52","0,58","-0,05"
RENGO,6115,20433,4264,51,101,24849,"0,822286611","0,171596443",140,48249,24849,"0,52","0,51","0,01"
REQUINOA,6116,9428,2589,20,40,12077,"0,780657448","0,214374431",67,22679,12077,"0,53","0,52","0,01"
SAN VICENTE,6117,16379,3426,38,54,19897,"0,823189426","0,172186762",129,40357,19897,"0,49","0,50","-0,01"
PICHILEMU,6201,6173,1407,9,29,7618,"0,810317669","0,184694145",43,14981,7618,"0,51","0,57","-0,06"
LA ESTRELLA,6202,1158,315,3,8,1484,"0,78032345","0,212264151",9,3456,1484,"0,43","0,55","-0,12"
LITUECHE,6203,1971,547,4,7,2529,"0,779359431","0,216291024",19,6158,2529,"0,41","0,57","-0,16"
MARCHIGUE,6204,2408,499,8,11,2926,"0,822966507","0,170539986",22,6787,2926,"0,43","0,53","-0,10"
NAVIDAD,6205,2322,568,10,14,2914,"0,796842828","0,194921071",21,6291,2914,"0,46","0,54","-0,08"
PAREDONES,6206,1974,467,9,21,2471,"0,798866856","0,188992311",23,6660,2471,"0,37","0,53","-0,16"
SAN FERNANDO,6301,26045,7134,41,87,33307,"0,781967755","0,214189209",184,62749,33307,"0,53","0,53","0,00"
CHEPICA,6302,3774,1119,5,17,4915,"0,76785351","0,227670397",40,13593,4915,"0,36","0,49","-0,13"
CHIMBARONGO,6303,11218,2598,22,64,13902,"0,806934254","0,186879586",88,30271,13902,"0,46","0,51","-0,05"
LOLOL,6304,1815,593,10,15,2433,"0,745992602","0,243732018",21,6714,2433,"0,36","0,52","-0,16"
NANCAGUA,6305,5840,1187,9,23,7059,"0,827312651","0,168154129",44,15115,7059,"0,47","0,54","-0,07"
PALMILLA,6306,3500,822,6,8,4336,"0,807195572","0,189575646",30,10300,4336,"0,42","0,54","-0,12"
PERALILLO,6307,3608,911,6,15,4540,"0,794713656","0,200660793",30,10058,4540,"0,45","0,53","-0,08"
PLACILLA,6308,3222,703,5,15,3945,"0,816730038","0,178200253",25,8118,3945,"0,49","0,58","-0,10"
PUMANQUE,6309,1222,342,4,6,1574,"0,776365947","0,217280813",13,3859,1574,"0,41","0,55","-0,15"
SANTA CRUZ,6310,10240,3232,29,55,13556,"0,755385069","0,238418413",91,31031,13556,"0,44","0,50","-0,07"
TALCA,7101,74985,21588,304,259,97136,"0,771958903","0,2222451",525,179416,97136,"0,54","0,53","0,01"
CONSTITUCION,7102,14325,3879,35,75,18314,"0,78218849","0,211805176",121,39911,18314,"0,46","0,50","-0,04"
CUREPTO,7103,2793,736,16,15,3560,"0,784550562","0,206741573",32,10149,3560,"0,35","0,51","-0,16"
EMPEDRADO,7104,821,676,7,9,1513,"0,542630535","0,446794448",14,4357,1513,"0,35","0,55","-0,21"
MAULE,7105,8355,2454,16,52,10877,"0,768134596","0,22561368",68,22765,10877,"0,48","0,53","-0,05"
PELARCO,7106,2589,783,4,15,3391,"0,763491595","0,230905338",26,8385,3391,"0,40","0,54","-0,14"
PENCAHUE,7107,2928,1219,4,18,4169,"0,702326697","0,292396258",35,10232,4169,"0,41","0,58","-0,18"
RIO CLARO,7108,3655,1087,25,29,4796,"0,762093411","0,226647206",34,11633,4796,"0,41","0,54","-0,13"
SAN CLEMENTE,7109,11647,3102,47,95,14891,"0,782150292","0,208313747",107,36760,14891,"0,41","0,50","-0,09"
SAN RAFAEL,7110,2935,796,11,14,3756,"0,7814164","0,211927583",25,8277,3756,"0,45","0,57","-0,12"
CAUQUENES,7201,8227,4699,61,75,13062,"0,629842291","0,359745828",120,37616,13062,"0,35","0,52","-0,18"
CHANCO,7202,1713,1058,18,21,2810,"0,609608541","0,376512456",30,9250,2810,"0,30","0,57","-0,27"
PELLUHUE,7203,1944,952,7,14,2917,"0,666438121","0,326362701",25,7375,2917,"0,40","0,60","-0,20"
CURICO,7301,48391,14296,105,220,63012,"0,767964832","0,22687742",383,117175,63012,"0,54","0,53","0,01"
HUALAÑE,7302,3300,784,10,24,4118,"0,801359883","0,190383681",30,9580,4118,"0,43","0,57","-0,14"
LICANTEN,7303,2412,492,9,16,2929,"0,823489245","0,167975418",22,6838,2929,"0,43","0,54","-0,11"
MOLINA,7304,15425,3657,26,69,19177,"0,80434896","0,190697189",115,38926,19177,"0,49","0,54","-0,05"
RAUCO,7305,3230,956,8,23,4217,"0,765947356","0,226701447",29,9726,4217,"0,43","0,55","-0,12"
ROMERAL,7306,4558,1856,8,30,6452,"0,706447613","0,28766274",40,13699,6452,"0,47","0,54","-0,07"
SAGRADA FAMILIA,7307,6256,1335,14,52,7657,"0,817030168","0,174350268",47,15801,7657,"0,49","0,55","-0,07"
TENO,7308,8028,2258,25,45,10356,"0,775202781","0,218037852",71,24650,10356,"0,42","0,49","-0,07"
VICHUQUEN,7309,1566,649,8,9,2232,"0,701612903","0,290770609",14,5097,2232,"0,44","0,59","-0,15"
LINARES,7401,25896,9813,48,123,35880,"0,72173913","0,273494983",238,81791,35880,"0,44","0,50","-0,06"
COLBUN,7402,5375,1504,18,27,6924,"0,776285384","0,217215482",52,17932,6924,"0,39","0,48","-0,10"
LONGAVI,7403,5457,2346,15,41,7859,"0,694363151","0,298511261",77,26445,7859,"0,30","0,50","-0,20"
PARRAL,7404,10252,4520,37,88,14897,"0,688192253","0,303416795",121,37730,14897,"0,40","0,53","-0,13"
RETIRO,7405,3583,1566,25,32,5206,"0,688244333","0,300806761",50,17155,5206,"0,30","0,54","-0,24"
SAN JAVIER,7406,11301,4022,38,66,15427,"0,732546833","0,260711739",113,38960,15427,"0,40","0,51","-0,12"
VILLA ALEGRE,7407,3774,1628,11,22,5435,"0,694388224","0,299540018",41,13509,5435,"0,40","0,54","-0,13"
YERBAS BUENAS,7408,3881,1675,15,35,5606,"0,692293971","0,298787014",45,14545,5606,"0,39","0,53","-0,15"
CONCEPCION,8101,77042,27049,104,338,104533,"0,737011279","0,258760391",621,201159,104533,"0,52","0,52","0,01"
CORONEL,8102,33463,10538,100,202,44303,"0,75532131","0,237861996",264,88986,44303,"0,50","0,49","0,01"
CHIGUAYANTE,8103,29875,8239,48,147,38309,"0,779842857","0,215066956",196,66892,38309,"0,57","0,53","0,04"
FLORIDA,8104,2612,1110,12,23,3757,"0,69523556","0,295448496",32,10269,3757,"0,37","0,53","-0,16"
HUALQUI,8105,7378,1944,39,59,9420,"0,783227176","0,206369427",59,20096,9420,"0,47","0,49","-0,02"
LOTA,8106,17050,5733,62,145,22990,"0,741626794","0,249369291",147,47952,22990,"0,48","0,50","-0,03"
PENCO,8107,18663,4342,38,92,23135,"0,806699805","0,187681003",123,42048,23135,"0,55","0,53","0,02"
SAN PEDRO DE LA PAZ,8108,36103,13305,65,159,49632,"0,727413765","0,268073017",258,87799,49632,"0,57","0,54","0,03"
SANTA JUANA,8109,3541,1532,23,45,5141,"0,688776503","0,297996499",39,12566,5141,"0,41","0,51","-0,10"
TALCAHUANO,8110,51933,15589,99,244,67865,"0,765239814","0,229706034",406,132833,67865,"0,51","0,48","0,03"
TOME,8111,17793,5568,56,101,23518,"0,756569436","0,236754826",152,49622,23518,"0,47","0,51","-0,04"
HUALPEN,8112,34360,8859,67,193,43479,"0,790266565","0,203753536",244,77416,43479,"0,56","0,53","0,03"
LEBU,8201,5630,2786,29,79,8524,"0,660488034","0,326841858",66,22183,8524,"0,38","0,47","-0,08"
ARAUCO,8202,10377,3986,44,60,14467,"0,71728762","0,275523605",114,30844,14467,"0,47","0,51","-0,04"
CAÑETE,8203,7038,3405,30,50,10523,"0,668820679","0,323576927",86,29343,10523,"0,36","0,48","-0,12"
CONTULMO,8204,1149,933,3,9,2094,"0,548710602","0,445558739",17,6025,2094,"0,35","0,54","-0,19"
CURANILAHUE,8205,9807,3229,38,84,13158,"0,745326037","0,245402037",93,30642,13158,"0,43","0,49","-0,06"
LOS ALAMOS,8206,4186,2401,28,35,6650,"0,629473684","0,361052632",57,17835,6650,"0,37","0,52","-0,15"
TIRUA,8207,2100,937,23,37,3097,"0,678075557","0,302550856",27,9101,3097,"0,34","0,51","-0,17"
LOS ANGELES,8301,43288,24961,168,323,68740,"0,629735234","0,363121909",543,161632,68740,"0,43","0,49","-0,07"
ANTUCO,8302,1341,431,4,17,1793,"0,747908533","0,240379253",15,4558,1793,"0,39","0,46","-0,07"
CABRERO,8303,6858,3118,32,47,10055,"0,682048732","0,31009448",73,24926,10055,"0,40","0,51","-0,11"
LAJA,8304,7030,2202,26,69,9327,"0,753725742","0,236088775",65,21446,9327,"0,44","0,49","-0,06"
MULCHEN,8305,7252,2760,52,72,10136,"0,715469613","0,272296764",78,26725,10136,"0,38","0,49","-0,11"
NACIMIENTO,8306,7267,3060,29,47,10403,"0,698548496","0,294145919",72,24636,10403,"0,42","0,50","-0,07"
NEGRETE,8307,2287,1361,19,37,3704,"0,617440605","0,367440605",30,8912,3704,"0,42","0,56","-0,14"
QUILACO,8308,1122,408,6,18,1554,"0,722007722","0,262548263",14,4255,1554,"0,37","0,53","-0,17"
QUILLECO,8309,2203,998,16,23,3240,"0,679938272","0,308024691",29,9309,3240,"0,35","0,49","-0,15"
SAN ROSENDO,8310,1591,351,4,12,1958,"0,812563841","0,179264556",12,4390,1958,"0,45","0,52","-0,07"
SANTA BARBARA,8311,3257,1346,21,30,4654,"0,699828105","0,28921358",39,13245,4654,"0,35","0,50","-0,15"
TUCAPEL,8312,3939,1267,20,29,5255,"0,749571836","0,241103711",38,12890,5255,"0,41","0,50","-0,09"
YUMBEL,8313,5246,2149,25,56,7476,"0,701712146","0,287453184",62,19862,7476,"0,38","0,51","-0,13"
ALTO BIOBIO,8314,1269,424,43,69,1805,"0,703047091","0,234903047",16,5483,1805,"0,33","0,38","-0,05"
TEMUCO,9101,78332,38257,166,351,117106,"0,668898263","0,326686933",691,235933,117106,"0,50","0,50","0,00"
CARAHUE,9102,4978,2220,25,39,7262,"0,685486092","0,305700909",71,24601,7262,"0,30","0,47","-0,17"
CUNCO,9103,4090,1914,31,47,6082,"0,672476159","0,314699112",57,19878,6082,"0,31","0,44","-0,13"
CURARREHUE,9104,1740,891,12,12,2655,"0,655367232","0,33559322",24,8322,2655,"0,32","0,44","-0,12"
FREIRE,9105,5198,2401,20,51,7670,"0,677705346","0,31303781",70,22759,7670,"0,34","0,47","-0,13"
GALVARINO,9106,2472,995,24,82,3573,"0,691855584","0,27847747",36,11998,3573,"0,30","0,47","-0,17"
GORBEA,9107,3290,2084,20,25,5419,"0,607123085","0,384572799",47,15478,5419,"0,35","0,51","-0,16"
LAUTARO,9108,8037,4783,22,68,12910,"0,622540666","0,370487994",99,34059,12910,"0,38","0,48","-0,10"
LONCOCHE,9109,6125,2072,13,27,8237,"0,743595969","0,251547894",72,23045,8237,"0,36","0,47","-0,11"
MELIPEUCO,9110,1542,654,18,15,2229,"0,69179004","0,293405114",23,7512,2229,"0,30","0,41","-0,12"
NUEVA IMPERIAL,9111,8765,3218,34,83,12100,"0,724380165","0,265950413",89,30516,12100,"0,40","0,50","-0,10"
PADRE LAS CASAS,9112,16769,6977,67,140,23953,"0,700079322","0,291278754",170,57937,23953,"0,41","0,46","-0,05"
PERQUENCO,9113,1778,757,7,11,2553,"0,696435566","0,296513905",21,6631,2553,"0,39","0,52","-0,14"
PITRUFQUEN,9114,5566,2947,10,44,8567,"0,649702346","0,343994397",66,22765,8567,"0,38","0,50","-0,12"
PUCON,9115,8176,3140,23,37,11376,"0,718706048","0,276019691",79,27403,11376,"0,42","0,44","-0,03"
SAAVEDRA,9116,2960,1000,27,34,4021,"0,73613529","0,248694355",39,13030,4021,"0,31","0,45","-0,15"
TEODORO SCHMIDT,9117,3026,1742,23,28,4819,"0,627931106","0,361485785",45,13991,4819,"0,34","0,55","-0,20"
TOLTEN,9118,2126,1213,29,30,3398,"0,625662154","0,356974691",31,10544,3398,"0,32","0,47","-0,15"
VILCUN,9119,5971,3022,56,70,9119,"0,654786709","0,331395986",70,23981,9119,"0,38","0,49","-0,11"
VILLARRICA,9120,15087,6534,38,85,21744,"0,693846578","0,300496689",157,53705,21744,"0,41","0,47","-0,06"
CHOLCHOL,9121,2951,1197,19,51,4218,"0,699620673","0,283783784",30,10384,4218,"0,41","0,53","-0,12"
ANGOL,9201,12017,7349,61,111,19538,"0,615057836","0,376138806",139,47395,19538,"0,41","0,50","-0,09"
COLLIPULLI,9202,5159,3075,41,65,8340,"0,618585132","0,368705036",66,21994,8340,"0,38","0,48","-0,10"
CURACAUTIN,9203,3491,2379,20,33,5923,"0,589397265","0,401654567",63,20992,5923,"0,28","0,39","-0,11"
ERCILLA,9204,1521,1020,26,26,2593,"0,586579252","0,393366757",27,8058,2593,"0,32","0,44","-0,12"
LONQUIMAY,9205,1963,1318,26,42,3349,"0,586145118","0,393550314",39,11965,3349,"0,28","0,42","-0,14"
LOS SAUCES,9206,1409,1050,12,24,2495,"0,564729459","0,420841683",24,7360,2495,"0,34","0,55","-0,21"
LUMACO,9207,1711,1206,31,31,2979,"0,57435381","0,404833837",28,9145,2979,"0,33","0,54","-0,21"
PUREN,9208,2657,1583,20,31,4291,"0,619202983","0,368911676",39,12182,4291,"0,35","0,51","-0,16"
RENAICO,9209,2640,1080,8,17,3745,"0,70493992","0,288384513",31,9497,3745,"0,39","0,51","-0,12"
TRAIGUEN,9210,4144,2189,35,34,6402,"0,647297719","0,341924399",62,18666,6402,"0,34","0,49","-0,14"
VICTORIA,9211,7060,5193,44,76,12373,"0,570597268","0,419704195",107,32578,12373,"0,38","0,47","-0,09"
PUERTO MONTT,10101,65342,22337,167,360,88206,"0,74078861","0,25323674",551,184367,88206,"0,48","0,45","0,03"
CALBUCO,10102,8760,2386,67,98,11311,"0,77446733","0,2109451",94,31956,11311,"0,35","0,41","-0,05"
COCHAMO,10103,754,384,15,6,1159,"0,65056083","0,3313201",15,4479,1159,"0,26","0,35","-0,09"
FRESIA,10104,3166,1479,18,20,4683,"0,67606235","0,31582319",39,12123,4683,"0,39","0,54","-0,15"
FRUTILLAR,10105,5185,2674,13,36,7908,"0,65566515","0,33813859",47,16376,7908,"0,48","0,55","-0,06"
LOS MUERMOS,10106,2780,2283,29,23,5115,"0,54349951","0,44633431",48,16238,5115,"0,32","0,50","-0,18"
LLANQUIHUE,10107,5682,2077,28,39,7826,"0,7260414","0,26539739",47,16021,7826,"0,49","0,65","-0,16"
MAULLIN,10108,3418,1633,14,30,5095,"0,67085378","0,3205103",50,15355,5095,"0,33","0,43","-0,10"
PUERTO VARAS,10109,14005,7734,51,64,21854,"0,64084378","0,35389402",121,41030,21854,"0,53","0,52","0,01"
CASTRO,10201,13750,2830,36,44,16660,"0,82533013","0,16986795",131,41089,16660,"0,41","0,43","-0,03"
ANCUD,10202,11694,2565,31,70,14360,"0,8143454","0,17862117",118,38601,14360,"0,37","0,43","-0,05"
CHONCHI,10203,3081,525,15,17,3638,"0,8468939","0,14431006",39,12960,3638,"0,28","0,48","-0,20"
CURACO DE VELEZ,10204,1091,212,4,8,1315,"0,82965779","0,16121673",12,3714,1315,"0,35","0,47","-0,12"
DALCAHUE,10205,3344,634,12,22,4012,"0,8334995","0,15802592",36,12332,4012,"0,33","0,41","-0,09"
PUQUELDON,10206,1051,130,7,6,1194,"0,88023451","0,10887772",13,4347,1194,"0,28","0,40","-0,13"
QUEILEN,10207,1320,168,4,2,1494,"0,88353414","0,1124498",18,6041,1494,"0,25","0,44","-0,19"
QUELLON,10208,6745,1804,51,57,8657,"0,77913827","0,20838628",69,22566,8657,"0,38","0,41","-0,03"
QUEMCHI,10209,1922,377,16,9,2324,"0,82702238","0,16222031",33,8966,2324,"0,26","0,39","-0,13"
QUINCHAO,10210,2536,416,18,19,2989,"0,8484443","0,13917698",31,9241,2989,"0,32","0,35","-0,02"
OSORNO,10301,51593,18281,120,258,70252,"0,73439902","0,26022035",455,142947,70252,"0,49","0,48","0,01"
PUERTO OCTAY,10302,2623,945,12,11,3591,"0,7304372","0,26315789",28,8891,3591,"0,40","0,49","-0,09"
PURRANQUE,10303,5168,2655,32,36,7891,"0,65492333","0,33645926",65,19775,7891,"0,40","0,50","-0,10"
PUYEHUE,10304,3208,1432,20,33,4693,"0,68357128","0,30513531",35,11456,4693,"0,41","0,54","-0,13"
RIO NEGRO,10305,3522,1606,15,22,5165,"0,68189739","0,31093901",44,13243,5165,"0,39","0,52","-0,13"
SAN JUAN DE LA COSTA,10306,2530,613,19,15,3177,"0,79634876","0,19294932",23,7858,3177,"0,40","0,49","-0,09"
SAN PABLO,10307,2941,1111,13,26,4091,"0,71889514","0,27157174",29,9857,4091,"0,42","0,52","-0,11"
CHAITEN,10401,964,387,5,7,1363,"0,70726339","0,2839325",13,5065,1363,"0,27","0,27","0,00"
FUTALEUFU,10402,630,330,3,2,965,"0,65284974","0,34196891",11,3794,965,"0,25","0,28","-0,03"
HUALAIHUE,10403,2325,524,9,13,2871,"0,80982236","0,1825148",25,8395,2871,"0,34","0,42","-0,08"
PALENA,10404,422,202,6,6,636,"0,66352201","0,31761006",7,2341,636,"0,27","0,31","-0,04"
COYHAIQUE,11101,17165,5243,43,61,22512,"0,76248223","0,23289801",165,53940,22512,"0,42","0,41","0,01"
LAGO VERDE,11102,247,124,2,0,373,"0,66219839","0,33243968",5,1159,373,"0,32","0,42","-0,09"
AYSEN,11201,7223,1698,21,42,8984,"0,80398486","0,18900267",67,22398,8984,"0,40","0,40","0,00"
CISNES,11202,1206,525,5,4,1740,"0,69310345","0,30172414",16,4479,1740,"0,39","0,43","-0,04"
GUAITECAS,11203,488,117,2,0,607,"0,80395387","0,19275124",5,1594,607,"0,38","0,39","-0,01"
COCHRANE,11301,892,282,2,5,1181,"0,75529213","0,23878069",10,3360,1181,"0,35","0,42","-0,07"
O'HIGGINS,11302,153,83,0,0,236,"0,6483050847","0,3516949153",2,714,236,"0,33","0,34","-0,01"
TORTEL,11303,184,23,0,0,207,"0,88888889","0,11111111",2,546,207,"0,38","0,37","0,01"
CHILE CHICO,11401,1397,279,4,5,1685,"0,82908012","0,16557864",19,6387,1685,"0,26","0,30","-0,03"
RIO IBAÑEZ,11402,637,287,6,2,932,"0,68347639","0,30793991",9,2861,932,"0,33","0,47","-0,14"
PUNTA ARENAS,12101,42929,10999,60,131,54119,"0,79323343","0,20323731",397,122555,54119,"0,44","0,40","0,04"
LAGUNA BLANCA,12102,139,62,0,0,201,"0,69154229","0,30845771",2,826,201,"0,24","0,31","-0,07"
RIO VERDE,12103,124,58,1,0,183,"0,67759563","0,31693989",2,771,183,"0,24","0,31","-0,07"
SAN GREGORIO,12104,130,74,1,0,205,"0,63414634","0,36097561",3,901,205,"0,23","0,26","-0,03"
CABO DE HORNOS,12201,375,269,0,1,645,"0,5813953488","0,4170542636",5,1916,645,"0,34","0,26","0,08"
ANTARTICA,12202,10,21,0,0,31,"0,32258065","0,67741935",1,269,31,"0,12","0,00","0,00"
PORVENIR,12301,1539,350,0,6,1895,"0,8121372","0,18469657",16,6156,1895,"0,31","0,30","0,01"
PRIMAVERA,12302,218,35,0,0,253,"0,86166008","0,13833992",3,1265,253,"0,20","0,20","0,00"
TIMAUKEL,12303,63,30,0,1,94,"0,67021277","0,31914894",2,829,94,"0,11","0,15","-0,03"
NATALES,12401,6506,1251,16,25,7798,"0,83431649","0,16042575",69,22396,7798,"0,35","0,36","-0,01"
TORRES DEL PAINE,12402,472,114,2,4,592,"0,7972973","0,19256757",5,1734,592,"0,34","0,32","0,02"
SANTIAGO,13101,119024,30102,187,404,149717,"0,794993221","0,201059332",1001,337288,149717,"0,44","0,43","0,01"
CERRILLOS,13102,31189,5973,34,120,37316,"0,835807696","0,160065388",205,67845,37316,"0,55","0,49","0,06"
CERRO NAVIA,13103,55908,7812,125,260,64105,"0,872131659","0,121862569",350,116544,64105,"0,55","0,45","0,10"
CONCHALI,13104,56064,8987,92,206,65349,"0,857916724","0,137523145",387,119859,65349,"0,55","0,48","0,06"
EL BOSQUE,13105,64401,11048,106,272,75827,"0,849314888","0,14570008",409,138923,75827,"0,55","0,47","0,08"
ESTACION CENTRAL,13106,52748,9905,67,240,62960,"0,837801779","0,157322109",396,127362,62960,"0,49","0,46","0,04"
HUECHURABA,13107,37153,8562,71,153,45939,"0,808746381","0,186377588",214,72756,45939,"0,63","0,54","0,09"
INDEPENDENCIA,13108,31280,6991,52,129,38452,"0,813481743","0,181811089",235,81550,38452,"0,47","0,45","0,02"
LA CISTERNA,13109,37228,8475,43,124,45870,"0,811597994","0,184761282",259,83559,45870,"0,55","0,52","0,03"
LA FLORIDA,13110,152537,28587,344,478,181946,"0,83836413","0,157118046",909,307743,181946,"0,59","0,53","0,06"
LA GRANJA,13111,49991,7031,72,208,57302,"0,87241283","0,122700778",318,104909,57302,"0,55","0,45","0,10"
LA PINTANA,13112,63381,8262,123,337,72103,"0,879034159","0,114586078",405,139554,72103,"0,52","0,37","0,14"
LA REINA,13113,39979,19003,82,128,59192,"0,675412218","0,321040005",283,91690,59192,"0,65","0,64","0,01"
LAS CONDES,13114,73354,92423,236,462,166475,"0,440630725","0,555176453",772,267875,166475,"0,62","0,66","-0,04"
LO BARNECHEA,13115,21111,33902,66,178,55257,"0,382051143","0,613533127",236,81361,55257,"0,68","0,67","0,01"
LO ESPEJO,13116,44656,5717,102,216,50691,"0,880945335","0,112781362",288,91888,50691,"0,55","0,44","0,11"
LO PRADO,13117,44371,6697,73,216,51357,"0,863971805","0,130400919",272,89765,51357,"0,57","0,50","0,07"
MACUL,13118,49338,10380,76,174,59968,"0,822738794","0,173092316",293,101724,59968,"0,59","0,55","0,04"
MAIPU,13119,208642,33531,202,636,243011,"0,858570188","0,137981408",1153,389595,243011,"0,62","0,52","0,10"
ÑUÑOA,13120,95123,29748,120,226,125217,"0,759665221","0,237571576",608,195466,125217,"0,64","0,64","0,01"
PEDRO AGUIRRE CERDA,13121,48460,6883,82,351,55776,"0,868832473","0,123404332",325,94170,55776,"0,59","0,51","0,08"
PEÑALOLEN,13122,96287,18187,333,439,115246,"0,835491037","0,157810249",569,192235,115246,"0,60","0,51","0,09"
PROVIDENCIA,13123,58694,32748,101,202,91745,"0,639751485","0,356945883",493,169757,91745,"0,54","0,57","-0,03"
PUDAHUEL,13124,87139,12161,119,309,99728,"0,873766645","0,121941681",497,168418,99728,"0,59","0,48","0,12"
QUILICURA,13125,73637,10150,75,216,84078,"0,875817693","0,120721235",403,138256,84078,"0,61","0,48","0,13"
QUINTA NORMAL,13126,46560,8209,75,179,55023,"0,846191593","0,149192156",304,102553,55023,"0,54","0,48","0,06"
RECOLETA,13127,64187,11638,116,318,76259,"0,841697373","0,152611495",466,143902,76259,"0,53","0,47","0,06"
RENCA,13128,57523,7207,253,240,65223,"0,881943486","0,110497831",344,117169,65223,"0,56","0,44","0,12"
SAN JOAQUIN,13129,41800,6210,62,149,48221,"0,866842247","0,128782066",263,83179,48221,"0,58","0,50","0,08"
SAN MIGUEL,13130,45864,10513,37,157,56571,"0,810733415","0,185837266",303,104331,56571,"0,54","0,52","0,03"
SAN RAMON,13131,38991,5951,98,227,45267,"0,861355955","0,131464422",251,82360,45267,"0,55","0,47","0,08"
VITACURA,13132,19850,40219,94,162,60325,"0,329050974","0,666705346",260,88737,60325,"0,68","0,73","-0,05"
PUENTE ALTO,13201,200905,26822,237,664,228628,"0,878741886","0,117317214",1245,398965,228628,"0,57","0,44","0,14"
PIRQUE,13202,10055,2994,18,35,13102,"0,767440085","0,228514731",75,21736,13102,"0,60","0,55","0,06"
SAN JOSE DE MAIPO,13203,7506,1373,22,27,8928,"0,840725806","0,153785842",46,15619,8928,"0,57","0,53","0,04"
COLINA,13301,32524,16625,99,202,49450,"0,657714863","0,33619818",258,87987,49450,"0,56","0,51","0,05"
LAMPA,13302,25871,5369,53,94,31387,"0,824258451","0,171058081",171,57086,31387,"0,55","0,50","0,05"
TILTIL,13303,6788,1213,13,37,8051,"0,843125078","0,150664514",49,14369,8051,"0,56","0,52","0,04"
SAN BERNARDO,13401,101606,17609,172,474,119861,"0,847698584","0,14691184",675,228270,119861,"0,53","0,44","0,09"
BUIN,13402,33211,7166,60,129,40566,"0,818690529","0,176650397",251,73511,40566,"0,55","0,50","0,06"
CALERA DE TANGO,13403,9352,3340,17,41,12750,"0,733490196","0,261960784",65,22016,12750,"0,58","0,58","0,00"
PAINE,13404,22638,5141,58,115,27952,"0,80988838","0,183922438",158,52520,27952,"0,53","0,51","0,03"
MELIPILLA,13501,34520,8156,297,161,43134,"0,80029675","0,189085176",281,96589,43134,"0,45","0,49","-0,04"
ALHUE,13502,2323,309,1,7,2640,"0,879924242","0,117045455",21,6004,2640,"0,44","0,43","0,01"
CURACAVI,13503,11713,2970,28,78,14789,"0,792007573","0,200824937",75,25834,14789,"0,57","0,54","0,03"
MARIA PINTO,13504,4424,1022,12,15,5473,"0,808331811","0,18673488",33,11262,5473,"0,49","0,52","-0,03"
SAN PEDRO,13505,2374,629,10,16,3029,"0,783757016","0,207659293",24,8246,3029,"0,37","0,51","-0,14"
TALAGANTE,13601,27630,6531,52,110,34323,"0,804999563","0,19028057",168,57618,34323,"0,60","0,55","0,04"
EL MONTE,13602,12605,2378,28,64,15075,"0,83615257","0,15774461",80,27418,15075,"0,55","0,53","0,02"
ISLA DE MAIPO,13603,12381,2765,21,59,15226,"0,813148562","0,181597268",79,27290,15226,"0,56","0,52","0,04"
PADRE HURTADO,13604,22498,3501,22,95,26116,"0,861464236","0,134055751",125,42789,26116,"0,61","0,52","0,09"
PEÑAFLOR,13605,36885,6127,71,103,43186,"0,854096235","0,141874682",209,71945,43186,"0,60","0,51","0,09"
VALDIVIA,14101,58608,16167,120,257,75152,"0,779859485","0,215124015",403,137420,75152,"0,55","0,51","0,04"
CORRAL,14102,1991,370,5,13,2379,"0,836906263","0,155527533",18,5446,2379,"0,44","0,50","-0,06"
LANCO,14103,5084,1561,24,28,6697,"0,759145886","0,233089443",50,16031,6697,"0,42","0,50","-0,08"
LOS LAGOS,14104,5399,2050,29,40,7518,"0,718143123","0,272678904",61,18879,7518,"0,40","0,46","-0,06"
MAFIL,14105,2049,785,9,10,2853,"0,718191377","0,275148966",22,6998,2853,"0,41","0,49","-0,08"
MARIQUINA,14106,5934,1783,24,31,7772,"0,763510036","0,229413278",61,18622,7772,"0,42","0,47","-0,05"
PAILLACO,14107,5434,2188,24,27,7673,"0,708197576","0,285155741",63,19020,7673,"0,40","0,50","-0,10"
PANGUIPULLI,14108,8572,3697,72,108,12449,"0,688569363","0,296971644",105,34621,12449,"0,36","0,43","-0,07"
LA UNION,14201,10748,4063,26,70,14907,"0,721003555","0,272556517",110,35500,14907,"0,42","0,49","-0,07"
FUTRONO,14202,3464,2184,26,38,5712,"0,606442577","0,382352941",43,14439,5712,"0,40","0,48","-0,08"
LAGO RANCO,14203,2093,1208,21,26,3348,"0,625149343","0,360812425",29,9253,3348,"0,36","0,50","-0,14"
RIO BUENO,14204,7935,3610,44,56,11645,"0,68140833","0,310004294",100,30616,11645,"0,38","0,48","-0,10"
ARICA,15101,63906,19672,170,453,84201,"0,758969608","0,23363143",522,180315,84201,"0,47","0,40","0,07"
CAMARONES,15102,756,159,2,2,919,"0,822633297","0,173014146",10,3471,919,"0,27","0,24","0,03"
PUTRE,15201,719,346,3,7,1075,"0,668837209","0,321860465",14,5554,1075,"0,19","0,24","-0,04"
GENERAL LAGOS,15202,220,80,4,9,313,"0,702875399","0,255591054",6,2158,313,"0,15","0,14","0,01"
CHILLAN,16101,53981,21166,127,280,75554,"0,714469121","0,280144003",446,152870,75554,"0,49","0,52","-0,03"
BULNES,16102,5574,2163,22,167,7926,"0,70325511","0,272899319",66,20518,7926,"0,39","0,52","-0,14"
CHILLAN VIEJO,16103,8076,3142,20,35,11273,"0,716402023","0,278719063",64,21631,11273,"0,52","0,57","-0,05"
EL CARMEN,16104,2390,1353,13,18,3774,"0,633280339","0,358505564",39,12336,3774,"0,31","0,54","-0,23"
PEMUCO,16105,1935,924,11,10,2880,"0,671875","0,320833333",27,8132,2880,"0,35","0,52","-0,16"
PINTO,16106,2235,2014,22,29,4300,"0,519767442","0,468372093",32,11019,4300,"0,39","0,57","-0,18"
QUILLON,16107,4072,1793,16,32,5913,"0,688652122","0,303230171",46,15370,5913,"0,39","0,52","-0,13"
SAN IGNACIO,16108,3255,1648,15,32,4950,"0,657575758","0,332929293",45,14396,4950,"0,34","0,52","-0,18"
YUNGAY,16109,5262,1584,16,29,6891,"0,763604702","0,229865041",49,16167,6891,"0,43","0,49","-0,06"
QUIRIHUE,16201,3159,781,14,32,3986,"0,792523833","0,195935775",35,10935,3986,"0,37","0,54","-0,17"
COBQUECURA,16202,1595,459,11,10,2075,"0,768674699","0,221204819",17,5643,2075,"0,37","0,58","-0,21"
COELEMU,16203,1595,459,11,10,2075,"0,768674699","0,221204819",51,15253,6789,"0,45","0,57","-0,13"
NINHUE,16204,1353,547,6,14,1920,"0,7046875","0,284895833",20,6027,1920,"0,32","0,55","-0,23"
PORTEZUELO,16205,1420,606,4,7,2037,"0,697103584","0,297496318",16,5758,2037,"0,35","0,55","-0,20"
RANQUIL,16206,1505,672,7,15,2199,"0,684402001","0,305593452",17,5541,2199,"0,40","0,55","-0,15"
TREGUACO,16207,1569,528,9,9,2115,"0,7482","0,2518",20,5883,2115,"0,36","0,57","-0,21"
SAN CARLOS,16301,12268,5729,42,89,18128,"0,67674316","0,31603045",138,47391,18128,"0,38","0,50","-0,12"
COIHUECO,16302,4420,2737,25,47,7229,"0,6114262","0,378613916",73,21839,7229,"0,33","0,53","-0,20"
ÑIQUEN,16303,2003,1228,10,17,3258,"0,614794352","0,376918355",33,10388,3258,"0,31","0,53","-0,22"
SAN FABIAN,16304,1364,516,7,12,1899,"0,718272775","0,271721959",17,4841,1899,"0,39","0,50","-0,10"
SAN NICOLAS,16305,3334,1352,21,34,4741,"0,703227167","0,285171905",36,11446,4741,"0,41","0,55","-0,14"